id_imagen,tipo_manovich,mediana_luminancia,dispersion_luminancia,prop_sombras,prop_altas_luces,matiz_dominante_deg,saturacion_media,dominancia_cromatica
005135c4ff2b5b75,casual,0.3218,0.2403,0.1411,0.0029,13.25,0.4706,0.1635
079b3400d6a52fda,casual,0.3865,0.1994,0.0559,0.0133,73.49,0.3956,0.0891
0c8f605eae5227b6,casual,0.4838,0.2415,0.077,0.0126,27.56,0.2288,0.1392
0d1ecda1d4bbe36b,casual,0.5662,0.1963,0.0196,0.0027,31.03,0.3825,0.1847
0f4fb28eee8666b3,casual,0.1484,0.2881,0.3199,0.0752,13.88,0.3778,0.2375
17eb746cacd0e4e9,casual,0.4797,0.2579,0.0405,0.0876,63.33,0.3015,0.0733
19475964e1a62595,casual,0.5695,0.2588,0.003,0.1327,59.1,0.1804,0.1276
1bcaf83270a10bf1,casual,0.5652,0.1187,0.0018,0.0118,54.95,0.2897,0.3174
1cdae17b3c639477,casual,0.2847,0.2399,0.0735,0.044,100.18,0.3656,0.0864
1df84e2dee41bfd4,casual,0.4506,0.2189,0.0292,0.0194,51.66,0.3943,0.1023
1eb30ed14b860d5e,casual,0.5331,0.1986,0.026,0.0443,22.95,0.1899,0.1369
21808e82e49fdc49,casual,0.6,0.2223,0.0457,0.0321,206.96,0.404,0.1764
24598a72c12ac62f,casual,0.5128,0.2505,0.0311,0.0527,7.22,0.105,0.1752
24b86ce744927975,casual,0.5035,0.2384,0.0485,0.0364,254.07,0.3313,0.0515
24ef167f5258ff6a,casual,0.3758,0.2194,0.0291,0.0245,24.78,0.3187,0.0823
27a455b82f1aab9e,casual,0.3666,0.2411,0.1569,0.0045,359.77,0.4167,0.0916
2a78426cc7940949,casual,0.4609,0.2545,0.0839,0.0241,274.53,0.2801,0.0772
2ab281201312fecb,casual,0.5155,0.1949,0.0,0.0264,27.01,0.1478,0.1029
2b4779ae9a82d40f,casual,0.4306,0.2478,0.0622,0.0507,21.51,0.3806,0.0798
2c29b3aac351c060,casual,0.6589,0.1101,0.0001,0.0,291.66,0.137,0.4903
2c9a8b35dc14bc73,casual,0.5544,0.1934,0.0528,0.0079,29.0,0.4514,0.1521
2fb99a00a841d253,casual,0.3693,0.2343,0.0782,0.0017,196.93,0.1872,0.1151
30747585c90cd4b2,casual,0.4667,0.1473,0.0101,0.0053,114.1,0.1436,0.179
385ad8dbe25b5996,casual,0.3626,0.2673,0.0773,0.059,33.66,0.2634,0.0986
43d84889e50384e5,casual,0.7035,0.2481,0.0691,0.0006,15.24,0.2109,0.2959
4a5dd195908a1d72,casual,0.3144,0.2282,0.0553,0.0209,4.94,0.5688,0.0692
52508cb0b352df57,casual,0.455,0.2162,0.1028,0.0035,29.85,0.5186,0.0762
553dd11e323cd819,casual,0.4636,0.2174,0.0544,0.0079,35.06,0.328,0.1053
5976f4e6485a18c8,casual,0.4764,0.1807,0.025,0.0361,282.63,0.2542,0.151
59bf4fcdce804260,casual,0.6524,0.1983,0.0417,0.0009,41.54,0.1894,0.4669
5c8b38273e53c777,casual,0.307,0.2185,0.1419,0.0014,39.22,0.171,0.1565
5dddb7ae5c34be3d,casual,0.4576,0.203,0.0699,0.0032,25.71,0.2568,0.0823
5e5c5171aab15b9b,casual,0.5837,0.1558,0.0006,0.0001,128.49,0.1161,0.2213
648242a78c764c00,casual,0.3328,0.2253,0.063,0.0076,278.03,0.2288,0.1477
661e2be5961d2f8f,casual,0.5598,0.1915,0.0297,0.0215,28.97,0.1108,0.162
68b9770b4b560b81,casual,0.4982,0.1839,0.0193,0.0178,60.93,0.197,0.1274
7c08ace89a7197c3,casual,0.5821,0.2583,0.091,0.0247,28.23,0.2585,0.0961
864dd09676202286,casual,0.3962,0.1889,0.0327,0.0109,13.33,0.3144,0.1611
896e154c74869e7c,casual,0.3556,0.2728,0.1333,0.0311,119.98,0.2309,0.1637
8cf1dc255ffcb944,casual,0.2965,0.2302,0.1558,0.042,20.54,0.4004,0.1235
8d0e61cbdc64e3b9,casual,0.2558,0.3116,0.2061,0.123,307.3,0.2746,0.1956
8d1258598afca955,casual,0.3341,0.2459,0.0768,0.0055,105.25,0.3754,0.0922
954d83367218a65c,casual,0.3488,0.2603,0.1055,0.0133,53.62,0.1955,0.1296
9b4ca6034efcdf37,casual,0.2415,0.3074,0.2105,0.0894,214.55,0.3713,0.1819
9c7f9e35a3e2c1be,casual,0.129,0.1976,0.3933,0.0058,19.22,0.4848,0.3131
a0cedbc649ee25ed,casual,0.2307,0.2064,0.0363,0.0099,150.67,0.2617,0.4011
a71cfcb631e53314,casual,0.5418,0.2613,0.0479,0.0305,48.28,0.2857,0.2662
a910a71422e08e26,casual,0.116,0.1742,0.4163,0.0044,246.71,0.4837,0.2262
aa450afd32d7f33c,casual,0.3727,0.1798,0.0068,0.0184,104.71,0.2805,0.1064
ab13cb8cee0494cf,casual,0.652,0.26,0.0321,0.0281,212.42,0.3721,0.1784
b0c7a2504d814937,casual,0.4139,0.1313,0.0093,0.0,177.0,0.4234,0.1129
b5b96d793df13694,casual,0.5119,0.1862,0.0,0.008,201.82,0.2967,0.0675
bf2a5766d6b9bcbc,casual,0.1626,0.2745,0.3993,0.0167,354.82,0.3901,0.3549
c29065bbe01cb834,casual,0.1744,0.2633,0.3348,0.0362,47.18,0.4894,0.3049
c507b59a50eba067,casual,0.5845,0.2524,0.0766,0.0195,47.35,0.1636,0.2035
c9189ae0c1687c1e,casual,0.5162,0.2598,0.0665,0.0659,59.31,0.3062,0.08
ca4c2fcffb767f6a,casual,0.2499,0.2746,0.0303,0.0239,358.51,0.2866,0.3316
cefbe6ec666f0528,casual,0.3563,0.295,0.171,0.0715,21.39,0.494,0.1319
d3b56af750149365,casual,0.6734,0.2577,0.03,0.0013,84.8,0.1034,0.2431
d6f94f8c35848c9d,casual,0.4682,0.2761,0.0967,0.0914,52.0,0.1669,0.1007
dd708ec6ba768779,casual,0.4144,0.2535,0.0971,0.0335,57.31,0.4828,0.078
dfe2ccdee454d04b,casual,0.2282,0.2206,0.2706,0.0198,60.08,0.2757,0.2928
e274d8491a49af83,casual,0.4201,0.2384,0.0687,0.0586,57.51,0.1913,0.1215
e64bc107d75edb7d,casual,0.1303,0.2593,0.3735,0.0,28.31,0.7091,0.2657
e7acfd34c603a341,casual,0.3944,0.2073,0.081,0.0247,116.99,0.1864,0.1839
ec49c2c7d3a81659,casual,0.5322,0.286,0.0471,0.2004,61.82,0.1684,0.2004
edf95c51b91ed672,casual,0.637,0.2629,0.0289,0.0977,45.58,0.1418,0.1051
f229c10d545fe1d0,casual,0.5687,0.2453,0.0202,0.0574,95.31,0.4235,0.0662
f6ddf5d7c03e4f08,casual,0.2801,0.2228,0.1224,0.0071,44.59,0.3963,0.1525
01be6ddbce8e7945,diseno,0.7048,0.1322,0.0027,0.0019,27.02,0.1041,0.4326
01bf4855b1ecde75,diseno,0.5933,0.1612,0.0079,0.0003,198.43,0.5313,0.1274
035dd67fec1c5086,diseno,0.7684,0.2103,0.0041,0.0002,37.76,0.3299,0.4201
04853a26030d8afa,diseno,0.7339,0.0799,0.0,0.0046,105.23,0.0555,0.3369
0cb757db5a1352c6,diseno,0.5082,0.158,0.0066,0.0002,14.07,0.419,0.1328
178a2f164fe40598,diseno,0.6829,0.1819,0.0033,0.0078,40.51,0.1167,0.3697
183dd488448233e2,diseno,0.7288,0.2447,0.0143,0.0065,22.36,0.1155,0.3243
1a914480b755549c,diseno,0.5568,0.2381,0.019,0.0652,22.4,0.3333,0.0916
225b3364bf132878,diseno,0.6315,0.1782,0.0041,0.0032,14.91,0.2743,0.1438
274b4d1c09b98225,diseno,0.6814,0.1596,0.002,0.0028,30.96,0.2476,0.1286
27a1096c56ac9840,diseno,0.5434,0.2292,0.0386,0.0175,180.36,0.3958,0.1469
2c8baba3d9019e8a,diseno,0.6002,0.0941,0.0,0.0002,31.05,0.1529,0.3813
2d1d4c4a549e4f2c,diseno,0.3138,0.174,0.1087,0.0015,10.32,0.2604,0.2526
2dd6e6b5f2401a98,diseno,0.283,0.3065,0.0573,0.1215,24.06,0.545,0.2387
2ed49f6b2355483c,diseno,0.4988,0.1535,0.0138,0.001,26.35,0.263,0.092
2fb2d21dc3fffebc,diseno,0.4078,0.2195,0.054,0.0011,28.85,0.3715,0.1888
3261d38ec160026f,diseno,0.6228,0.2387,0.0527,0.0,25.64,0.1495,0.402
33a0a008194384ba,diseno,0.7053,0.1172,0.0012,0.0004,15.54,0.0953,0.482
3439be8d57ec26eb,diseno,0.4866,0.2247,0.0646,0.0118,24.42,0.3203,0.1389
355656bae2e62d58,diseno,0.5673,0.1465,0.0004,0.0,22.82,0.3115,0.1484
37af1ac367a234c3,diseno,0.4598,0.2088,0.0478,0.0043,41.4,0.321,0.1012
426bdbb549ee9842,diseno,0.8135,0.2826,0.0787,0.0016,153.57,0.0565,0.577
4d03e8564dbaf778,diseno,0.2374,0.147,0.0111,0.017,354.14,0.3587,0.5757
4ebc5d371f2173c0,diseno,0.7789,0.1739,0.0,0.0001,161.83,0.1014,0.5889
52e7dc258e7b2904,diseno,0.3792,0.1737,0.203,0.0,39.53,0.4529,0.2643
54f4dc5807b1e1ad,diseno,0.4822,0.2405,0.0917,0.0015,108.99,0.5016,0.1077
59bda69ed4ebc9fc,diseno,0.7055,0.1868,0.0264,0.0019,18.63,0.1402,0.3494
5acdcfa25e9511d7,diseno,0.3272,0.2705,0.0038,0.0805,23.65,0.4961,0.2305
5dc2d37e25ef3847,diseno,0.7566,0.275,0.0235,0.0822,325.69,0.3344,0.157
61bf3b0136855ec7,diseno,0.3952,0.1665,0.0618,0.0,51.91,0.1537,0.2974
627eebcc19009bbc,diseno,0.5016,0.2591,0.0512,0.027,228.07,0.3238,0.1267
69513c6f74f1845b,diseno,0.2271,0.1663,0.0059,0.0017,27.12,0.2071,0.438
698881cc0355769d,diseno,0.6246,0.1319,0.0,0.0032,31.14,0.1048,0.2288
6dbdff470a8a7ea0,diseno,0.7777,0.2489,0.032,0.0015,42.43,0.2981,0.5079
753a4a5ce566a67c,diseno,0.6007,0.2153,0.0254,0.0564,209.48,0.3478,0.1095
76433f9644d76a15,diseno,0.4777,0.2032,0.0473,0.0006,228.7,0.2703,0.1327
783a751154083195,diseno,0.2959,0.1226,0.0581,0.0,250.83,0.464,0.1834
7bb801f88a444b6e,diseno,0.7244,0.1976,0.0005,0.0002,349.97,0.1755,0.2545
7ca44e14b7b4eca0,diseno,0.5765,0.2478,0.0081,0.1099,62.06,0.2561,0.0985
83669df919299107,diseno,0.3168,0.2177,0.1356,0.015,22.63,0.5367,0.1408
83c406fc8c2017fe,diseno,0.7619,0.3834,0.2167,0.3364,254.9,0.2255,0.3368
8cfc34fd19024943,diseno,0.746,0.2428,0.0727,0.0001,180.56,0.0977,0.5231
8e4ce330b9f4502c,diseno,0.1767,0.1983,0.0298,0.0002,39.69,0.4895,0.2562
91ce8ff529d4fb6a,diseno,0.1713,0.2433,0.2017,0.0002,17.55,0.4988,0.2103
a0405ecd6921c258,diseno,0.4703,0.3241,0.1698,0.0017,0.25,0.3482,0.376
a22fcae635023273,diseno,0.6451,0.1646,0.0397,0.0005,26.36,0.0935,0.4436
a2dff26623d21211,diseno,0.7421,0.2574,0.0417,0.0067,36.83,0.2823,0.1343
a4486021a80f671e,diseno,0.695,0.0938,0.0008,0.0006,353.48,0.0757,0.6667
a5fb1491be3d12af,diseno,0.5409,0.1567,0.0127,0.0001,212.33,0.3255,0.2015
af8ce83f45e12ddd,diseno,0.3098,0.2137,0.0433,0.0143,26.55,0.3118,0.1651
b52390d735a38167,diseno,0.5798,0.1612,0.0066,0.0002,87.94,0.2157,0.256
bf254e2198e7f514,diseno,0.5041,0.206,0.0085,0.0645,33.56,0.1883,0.0955
c27ec75bd0feb38f,diseno,0.5766,0.1285,0.0024,0.0,31.53,0.5043,0.1397
c745ae65e8952ede,diseno,0.7717,0.2317,0.028,0.006,69.02,0.123,0.2973
c8a5046e8addc35b,diseno,0.5534,0.1753,0.0013,0.029,39.31,0.1741,0.1753
ca0b627c98d7e9ae,diseno,0.3789,0.1957,0.0347,0.0053,115.04,0.4813,0.0871
cb51b3af0a42e2e4,diseno,0.3469,0.2422,0.1557,0.0007,39.17,0.4602,0.119
cb7725108a35d168,diseno,0.5658,0.2001,0.0763,0.0,358.24,0.2371,0.2139
ccb7379d83ecac89,diseno,0.3568,0.204,0.1247,0.0,48.19,0.1676,0.1908
d08f6f455f659513,diseno,0.4756,0.2237,0.0074,0.048,184.26,0.1671,0.0881
d2dc28a74ea06842,diseno,0.2382,0.1023,0.0089,0.0011,352.43,0.4176,0.5833
d6cd9f5b76eb9b27,diseno,0.5084,0.162,0.0,0.0,20.52,0.1315,0.2228
d8ab5059d2eebeec,diseno,0.474,0.2019,0.0276,0.0194,26.67,0.4967,0.1086
dff4b9e1e0189297,diseno,0.5882,0.2113,0.0104,0.003,26.15,0.1468,0.1265
e1e3c32107715633,diseno,0.6048,0.2034,0.05,0.0002,33.78,0.2773,0.2517
e83769d87668ec43,diseno,0.4314,0.2107,0.0414,0.001,331.72,0.5212,0.0442
f05ac88732350556,diseno,0.5211,0.2416,0.0148,0.069,30.29,0.2619,0.0582
f6066e321b10f4c2,diseno,0.5173,0.1461,0.0,0.0,227.42,0.2874,0.1471
fff23c0a712dcccb,diseno,0.4165,0.187,0.0355,0.0012,10.01,0.4649,0.0825
0089b69ead893902,profesional,0.3728,0.2193,0.0079,0.0125,90.09,0.3625,0.0938
083d2a10303815f6,profesional,0.032,0.0956,0.8461,0.0009,243.97,0.1788,0.8721
0e67e47b83e3a8fc,profesional,0.7364,0.2032,0.0293,0.0005,228.0,0.1925,0.1856
10ab96742bcae22d,profesional,0.5945,0.1336,0.0,0.0001,19.76,0.2831,0.2332
11dbbe4d0c75ea0e,profesional,0.312,0.1628,0.0141,0.0003,22.87,0.2479,0.1817
12f45e4ff237a337,profesional,0.3512,0.245,0.1039,0.0059,186.42,0.5141,0.1704
1332f2c2eeec6b1d,profesional,0.4401,0.2422,0.007,0.1265,173.78,0.2285,0.1186
23cddcbe97159152,profesional,0.372,0.2245,0.0325,0.0491,82.61,0.3364,0.0996
2ca8f9adda33e4b1,profesional,0.4729,0.1392,0.0213,0.0032,211.17,0.366,0.2551
2da87fe4bb04aef3,profesional,0.6821,0.1351,0.0006,0.0,9.57,0.2007,0.3122
3ac9f6842f0ec3f1,profesional,0.5731,0.201,0.009,0.0084,178.96,0.2412,0.1006
3ad1cbd756a9d04f,profesional,0.67,0.1722,0.0198,0.0005,214.01,0.2314,0.2405
3ca3711a59474bc8,profesional,0.1692,0.2033,0.0376,0.0072,232.2,0.6088,0.3414
48255459e442ae9b,profesional,0.2977,0.1619,0.194,0.0,206.9,0.5003,0.202
4e3c1b5e15e9dad5,profesional,0.4622,0.1964,0.0303,0.0,102.34,0.391,0.2428
4e3caac0483f56ec,profesional,0.3226,0.2501,0.0101,0.0128,9.47,0.2488,0.2312
4eed9fb79338b358,profesional,0.5565,0.3316,0.1325,0.2127,208.92,0.2172,0.2085
5167174efec5a652,profesional,0.5409,0.1145,0.0,0.0002,206.67,0.4029,0.1192
541c4272ceed585b,profesional,0.3551,0.3033,0.1571,0.1606,64.13,0.3511,0.1739
550a812aaf3d34f1,profesional,0.3834,0.3237,0.2669,0.0795,233.15,0.3644,0.2382
5e9981ca6089914d,profesional,0.3572,0.2583,0.2442,0.0385,10.89,0.4071,0.2365
5fdef16239915436,profesional,0.6251,0.2657,0.0545,0.0995,30.82,0.1623,0.0997
62f555461d4f01bc,profesional,0.4471,0.2106,0.0516,0.0105,212.14,0.3276,0.1805
696ad735c591ff16,profesional,0.8308,0.2662,0.0072,0.0215,15.64,0.0392,0.601
6c6a04de59d4952a,profesional,0.6381,0.2004,0.0243,0.0205,148.12,0.3734,0.0971
6cc4e3d8c050095a,profesional,0.6046,0.3449,0.0984,0.1952,72.64,0.3572,0.1264
6f4f831b8c174904,profesional,0.5957,0.2191,0.03,0.0054,60.37,0.5166,0.1053
733e44bad056d2f3,profesional,0.2911,0.2441,0.1565,0.0334,70.11,0.3629,0.1542
76f95aec2f9f53ff,profesional,0.5723,0.2961,0.0237,0.2927,196.08,0.1881,0.1711
777f8febbb00aa17,profesional,0.5944,0.1845,0.0165,0.0075,82.92,0.2664,0.0785
77e611e93c681110,profesional,0.3325,0.2084,0.0595,0.026,61.2,0.3424,0.1279
83f6ec1efdb6e7de,profesional,0.4176,0.2774,0.1215,0.0009,211.24,0.1401,0.1438
8499aa74824d1ac2,profesional,0.3854,0.2283,0.0711,0.0164,70.56,0.5725,0.0812
886abcbb10b30245,profesional,0.192,0.2047,0.3095,0.0113,33.85,0.6007,0.2753
8acbcffe20643921,profesional,0.4445,0.2974,0.0324,0.1769,82.01,0.242,0.1771
8b8785986a43c3b6,profesional,0.4825,0.1798,0.02,0.0126,37.45,0.2731,0.0952
935e0d0f59d31079,profesional,0.3659,0.2942,0.1426,0.0081,80.18,0.2705,0.1682
9fce1ebec391f095,profesional,0.4847,0.2333,0.0767,0.0157,133.7,0.6052,0.0766
a2c15d39e467e43b,profesional,0.489,0.1711,0.0273,0.0025,206.61,0.3514,0.2438
a783409dd98f5594,profesional,0.6289,0.2206,0.0351,0.013,19.92,0.2576,0.1253
a9dca0565efe3c3a,profesional,0.6563,0.1535,0.0003,0.0216,203.91,0.3543,0.1136
abe8d84de10efe80,profesional,0.4731,0.0877,0.0291,0.0,219.99,0.5983,0.5865
af98b2eecd725c26,profesional,0.1726,0.2458,0.2974,0.0315,313.92,0.4086,0.201
b486caeca837b1a2,profesional,0.6551,0.2484,0.023,0.0516,24.65,0.2112,0.1023
b621ef1951dca59b,profesional,0.5522,0.2262,0.1007,0.0062,213.03,0.6088,0.2055
bb05085157f36a71,profesional,0.412,0.234,0.0571,0.0112,24.86,0.3341,0.1154
c4c0b7e19cd15c05,profesional,0.4926,0.1925,0.0199,0.0052,32.65,0.4604,0.065
c5bdfb3aed894a55,profesional,0.5545,0.2372,0.0336,0.0319,88.2,0.178,0.1052
cb3b0c948cb08aa9,profesional,0.4984,0.184,0.0198,0.0028,200.77,0.2204,0.1356
d00c2e36dd3deac2,profesional,0.4081,0.2682,0.1376,0.0032,321.21,0.2835,0.1584
d0ce71be09929542,profesional,0.3989,0.2945,0.053,0.1639,125.78,0.2298,0.166
d3c81b8fec0c9df5,profesional,0.2742,0.2085,0.1186,0.0034,73.54,0.5222,0.1234
d7ec13242a6458b5,profesional,0.4924,0.2682,0.1546,0.0256,187.57,0.4791,0.1419
da10757094ba447d,profesional,0.6277,0.1811,0.0228,0.0002,55.13,0.2662,0.2595
da64c207c8c2edf1,profesional,0.5181,0.2322,0.0609,0.0285,215.12,0.2959,0.1186
e3a87910c6fd9d74,profesional,0.5431,0.2871,0.0471,0.1048,28.15,0.392,0.0931
e4024871b0869adc,profesional,0.3338,0.2606,0.3483,0.0151,12.94,0.4379,0.3323
e609fbba99b86fea,profesional,0.4737,0.2799,0.0011,0.1255,81.31,0.202,0.1253
e757f4719f64dc1a,profesional,0.6273,0.2818,0.1391,0.0001,217.8,0.2046,0.2299
e76f4941dc270e9b,profesional,0.2991,0.2388,0.1105,0.0001,60.81,0.2616,0.1767
e9e082100927a678,profesional,0.0715,0.1482,0.5818,0.0052,13.01,0.3256,0.5815
ed14e3941f8fa9b9,profesional,0.4916,0.1911,0.0417,0.0114,250.09,0.1708,0.1084
ed1e9a697eb402be,profesional,0.3678,0.1372,0.0226,0.0008,75.75,0.5393,0.1337
ee02eb2d14565782,profesional,0.3859,0.1781,0.0081,0.0206,31.44,0.3808,0.1126
ee45744093d2b088,profesional,0.3665,0.215,0.1163,0.0001,204.12,0.2908,0.3199
eedc66f4dff30ac3,profesional,0.0389,0.1276,0.6462,0.0027,284.75,0.3219,0.6696
f7ebf19812f71ef6,profesional,0.5375,0.1691,0.0197,0.0016,211.26,0.5655,0.2087
fbe178dd286267d6,profesional,0.3968,0.2169,0.0236,0.0126,204.97,0.4319,0.1361
fe3715ced414430a,profesional,0.6883,0.1559,0.0197,0.0,214.38,0.0682,0.4579
